First Name,Last Name,Email,Password
Bilal,Khan,bilal.khan@email.com,barclays
Sarah,Irvine,sarah.irvine@email.com,barclays
Zain,Sheikh,zain.sheikh@email.com,barclays
Daniel,MacKay,daniel.mackay@email.com,barclays
Bobby,Ayvazov,bobby.ayvazov@email.com,barclays